City_ID,City,Country,Date,Lat,Lng,Max Temp,Humidity,Cloudiness,Wind Speed
0,Thompson,CA,2021-05-25 21:21:46,55.7435,-97.8558,30.36,80,90,16.11
1,Bluff,NZ,2021-05-25 21:21:27,-46.6,168.3333,39.78,67,50,7.05
2,Punta Arenas,CL,2021-05-25 21:21:28,-53.15,-70.9167,35.71,80,20,15.37
3,Yellowknife,CA,2021-05-25 21:21:29,62.456,-114.3525,45.28,46,20,1.01
4,Rikitea,PF,2021-05-25 21:21:27,-23.1203,-134.9692,76.55,80,58,9.91
5,Ilulissat,GL,2021-05-25 21:22:11,69.2167,-51.1,35.62,64,15,6.91
6,Busselton,AU,2021-05-25 21:21:29,-33.65,115.3333,45.05,76,100,8.63
7,Nikolskoye,RU,2021-05-25 21:18:19,59.7035,30.7861,48.09,76,100,5.79
8,Itarema,BR,2021-05-25 21:25:18,-2.9248,-39.9167,79.16,75,50,13.06
9,Hilo,US,2021-05-25 21:17:07,19.7297,-155.09,81.81,79,75,11.5
10,Matcha,RU,2021-05-25 21:27:00,54.6335,42.3501,54.05,66,99,5.3
11,Tuktoyaktuk,CA,2021-05-25 21:21:48,69.4541,-133.0374,32.0,80,90,11.5
12,Ushuaia,AR,2021-05-25 21:18:13,-54.8,-68.3,31.66,86,90,20.71
13,Lata,PT,2021-05-25 21:24:13,40.1629,-8.3327,64.72,79,99,1.07
14,Fethiye,TR,2021-05-25 21:27:01,36.6217,29.1164,66.07,37,0,3.94
15,Cabo San Lucas,MX,2021-05-25 21:19:56,22.8909,-109.9124,96.8,35,20,4.61
16,Lagunas,PE,2021-05-25 21:27:02,-5.2269,-75.6753,78.55,92,85,2.39
17,Port Hardy,CA,2021-05-25 21:25:14,50.6996,-127.4199,51.98,76,90,8.05
18,Butaritari,KI,2021-05-25 21:21:46,3.0707,172.7902,81.57,80,100,16.55
19,Naze,JP,2021-05-25 21:22:17,28.3667,129.4833,69.94,64,100,1.86
20,Sibolga,ID,2021-05-25 21:22:48,1.7427,98.7792,76.96,90,87,3.36
21,Ojinaga,MX,2021-05-25 21:24:11,29.5667,-104.4167,97.57,26,1,5.75
22,Provideniya,RU,2021-05-25 21:18:55,64.3833,-173.3,46.51,57,0,17.9
23,Georgetown,MY,2021-05-25 21:17:59,5.4112,100.3354,82.89,82,20,2.3
24,Avarua,CK,2021-05-25 21:18:11,-21.2078,-159.775,82.45,83,20,8.05
25,Vaini,TO,2021-05-25 21:21:28,-21.2,-175.2,68.16,94,90,3.44
26,Mount Gambier,AU,2021-05-25 21:21:04,-37.8333,140.7667,49.91,76,90,18.41
27,Coquimbo,CL,2021-05-25 21:26:14,-29.9533,-71.3436,60.53,72,0,3.85
28,Cape Town,ZA,2021-05-25 21:20:04,-33.9258,18.4232,58.12,82,0,1.01
29,Dingle,PH,2021-05-25 21:19:07,10.9995,122.6711,78.26,85,100,3.18
30,Chuy,UY,2021-05-25 21:21:37,-33.6971,-53.4616,55.8,75,1,8.19
31,Suba,PH,2021-05-25 21:27:04,10.8438,121.0102,84.72,69,100,4.92
32,Cockburn Town,TC,2021-05-25 21:22:07,21.4612,-71.1419,82.36,65,40,17.27
33,Barrow,US,2021-05-25 21:22:45,71.2906,-156.7887,26.62,80,90,8.05
34,Cherskiy,RU,2021-05-25 21:21:58,68.75,161.3,52.88,37,100,6.13
35,East London,ZA,2021-05-25 21:22:03,-33.0153,27.9116,66.81,81,90,14.56
36,Thoen,TH,2021-05-25 21:27:05,17.6129,99.2161,76.86,94,99,1.63
37,Brae,GB,2021-05-25 21:27:05,60.3964,-1.353,49.91,92,100,9.8
38,Saint-Philippe,RE,2021-05-25 21:23:32,-21.3585,55.7679,71.15,85,50,8.68
39,Srednekolymsk,RU,2021-05-25 21:19:55,67.45,153.6833,50.88,55,97,18.5
40,Khatanga,RU,2021-05-25 21:18:09,71.9667,102.5,30.81,97,100,6.76
41,Hays,US,2021-05-25 21:27:06,30.0502,-98.0336,89.53,61,86,4.0
42,Tuatapere,NZ,2021-05-25 21:18:50,-46.1333,167.6833,37.99,67,63,5.03
43,Longyearbyen,SJ,2021-05-25 21:21:40,78.2186,15.6401,28.24,86,75,13.8
44,Bure,ET,2021-05-25 21:27:07,10.7,37.0667,67.06,45,92,4.94
45,New Norfolk,AU,2021-05-25 21:21:42,-42.7826,147.0587,49.75,73,47,1.99
46,Port Augusta,AU,2021-05-25 21:24:04,-32.5,137.7667,48.7,80,29,6.55
47,Victoria,HK,2021-05-25 21:22:30,22.2855,114.1577,85.32,89,86,1.99
48,Kapaa,US,2021-05-25 21:18:06,22.0752,-159.319,84.11,67,1,1.01
49,Jamestown,US,2021-05-25 21:21:18,42.097,-79.2353,85.32,50,20,3.0
50,Albany,US,2021-05-25 21:16:40,42.6001,-73.9662,82.51,57,98,8.08
51,Rocha,UY,2021-05-25 21:24:23,-34.4833,-54.3333,52.92,71,0,9.8
52,Buta,CD,2021-05-25 21:27:08,2.7858,24.73,74.23,75,50,0.96
53,Mar Del Plata,AR,2021-05-25 21:19:18,-38.0023,-57.5575,54.09,57,75,10.0
54,La Ronge,CA,2021-05-25 21:21:52,55.1001,-105.2842,41.22,56,75,11.5
55,Palmer,US,2021-05-25 21:24:18,42.1584,-72.3287,79.63,53,40,5.01
56,Hermanus,ZA,2021-05-25 21:21:26,-34.4187,19.2345,57.9,75,78,7.99
57,Arraial Do Cabo,BR,2021-05-25 21:23:03,-22.9661,-42.0278,69.76,64,0,2.3
58,Atuona,PF,2021-05-25 21:18:29,-9.8,-139.0333,80.37,60,34,15.3
59,Bairnsdale,AU,2021-05-25 21:27:09,-37.8333,147.6167,57.7,83,2,11.65
60,Bethel,US,2021-05-25 21:22:07,41.3712,-73.414,78.91,59,1,10.36
61,Milford,US,2021-05-25 21:27:10,41.2223,-73.0565,77.56,64,1,1.99
62,Necochea,AR,2021-05-25 21:27:10,-38.5473,-58.7368,46.04,55,6,12.88
63,Upernavik,GL,2021-05-25 21:22:04,72.7868,-56.1549,35.76,88,92,3.02
64,Pevek,RU,2021-05-25 21:19:32,69.7008,170.3133,32.09,81,99,4.43
65,Constitucion,CL,2021-05-25 21:24:11,-35.3333,-72.4167,59.54,72,98,11.45
66,Olga,RU,2021-05-25 21:27:11,43.7444,135.2892,48.0,69,9,4.43
67,Kilindoni,TZ,2021-05-25 21:27:11,-7.9139,39.6668,79.43,68,58,16.84
68,Abha,SA,2021-05-25 21:23:22,18.2164,42.5053,67.82,49,20,2.42
69,Los Andes,CL,2021-05-25 21:27:12,-32.8337,-70.5983,68.92,25,1,3.15
70,Alpena,US,2021-05-25 21:27:12,45.0617,-83.4327,88.12,40,75,5.99
71,Aksarka,RU,2021-05-25 21:27:12,66.5606,67.7975,35.22,89,99,10.18
72,Nalut,LY,2021-05-25 21:22:59,30.3333,10.85,77.25,42,42,18.32
73,Yershichi,RU,2021-05-25 21:27:13,53.6725,32.7542,55.17,79,100,5.55
74,Chalchihuites,MX,2021-05-25 21:27:13,23.4833,-103.8833,83.59,11,6,11.14
75,Port-Cartier,CA,2021-05-25 21:24:28,50.0334,-66.8654,53.82,92,100,2.28
76,Te Anau,NZ,2021-05-25 21:22:25,-45.4167,167.7167,36.05,77,85,1.19
77,Rawson,AR,2021-05-25 21:20:49,-43.3002,-65.1023,49.37,39,57,4.9
78,Dikson,RU,2021-05-25 21:18:16,73.5069,80.5464,16.81,95,72,5.79
79,Mataura,NZ,2021-05-25 21:21:35,-46.1927,168.8643,33.89,66,87,3.13
80,Chokurdakh,RU,2021-05-25 21:21:37,70.6333,147.9167,34.32,78,40,7.83
81,Port Elizabeth,ZA,2021-05-25 21:18:20,-33.918,25.5701,62.89,82,75,12.66
82,Shu,KZ,2021-05-25 21:27:14,43.5983,73.7614,64.78,47,39,1.97
83,Zhangye,CN,2021-05-25 21:27:15,38.9342,100.4517,58.62,21,64,5.79
84,Nizhniy Baskunchak,RU,2021-05-25 21:27:15,48.2198,46.8311,62.19,80,83,14.52
85,Madang,PG,2021-05-25 21:27:16,-5.2246,145.7966,76.17,93,100,2.66
86,Pauini,BR,2021-05-25 21:25:43,-7.7136,-66.9764,81.27,73,77,1.19
87,Kindu,CD,2021-05-25 21:27:16,-2.95,25.95,70.83,75,38,1.88
88,Tasiilaq,GL,2021-05-25 21:22:06,65.6145,-37.6368,35.76,90,100,49.37
89,Zhigansk,RU,2021-05-25 21:23:29,66.7697,123.3711,48.31,55,100,4.7
90,Ponta Do Sol,PT,2021-05-25 21:22:28,32.6667,-17.1,65.12,58,69,8.75
91,Loiza,PR,2021-05-25 21:27:17,18.4313,-65.8802,86.81,70,75,13.35
92,Beyneu,KZ,2021-05-25 21:27:17,45.3167,55.2,85.14,16,47,8.41
93,Huarmey,PE,2021-05-25 21:22:27,-10.0681,-78.1522,70.74,75,10,8.08
94,Bamboo,JM,2021-05-25 21:27:18,18.3922,-77.2643,78.76,77,39,9.1
95,Severo-Kurilsk,RU,2021-05-25 21:23:08,50.6789,156.125,37.42,97,100,13.91
96,San Patricio,US,2021-05-25 21:24:16,28.017,-97.5169,88.21,72,81,17.07
97,San Quintin,MX,2021-05-25 21:24:42,30.4833,-115.95,69.62,59,31,10.63
98,Norman Wells,CA,2021-05-25 21:21:56,65.282,-126.8329,60.84,20,20,9.22
99,Preobrazheniye,RU,2021-05-25 21:27:19,42.9019,133.9064,50.0,68,5,7.43
100,Puerto Ayora,EC,2021-05-25 21:21:54,-0.7393,-90.3518,84.16,86,36,8.01
101,Kavieng,PG,2021-05-25 21:22:02,-2.5744,150.7967,78.19,88,100,8.34
102,Belmonte,BR,2021-05-25 21:27:19,-15.8631,-38.8828,79.3,79,4,6.6
103,Cururupu,BR,2021-05-25 21:27:20,-1.8283,-44.8683,78.66,82,48,4.18
104,Pogranichnyy,RU,2021-05-25 21:27:20,44.4064,131.3769,48.36,63,61,5.26
105,Nebug,RU,2021-05-25 21:27:20,44.1714,39.0036,57.36,92,1,3.18
106,Souillac,MU,2021-05-25 21:21:58,-20.5167,57.5167,71.98,88,75,8.32
107,Torbay,CA,2021-05-25 21:25:56,47.6666,-52.7314,50.58,63,90,24.16
108,Suntar,RU,2021-05-25 21:27:21,62.1444,117.6319,47.43,65,96,4.38
109,Guerrero Negro,MX,2021-05-25 21:22:33,27.9769,-114.0611,74.3,47,29,14.83
110,Cayenne,GF,2021-05-25 21:19:19,4.9333,-52.3333,82.44,88,75,4.0
111,Troy,US,2021-05-25 21:22:28,42.6056,-83.1499,88.56,47,40,1.99
112,Jinchang,CN,2021-05-25 21:27:22,38.4953,102.1739,59.41,18,37,11.25
113,Garden City,US,2021-05-25 21:27:22,42.3256,-83.331,88.88,45,75,1.99
114,Sao Jose Da Coroa Grande,BR,2021-05-25 21:23:59,-8.8978,-35.1478,77.67,80,65,4.85
115,Boda,CF,2021-05-25 21:27:22,4.3189,17.4695,76.64,61,73,1.79
116,Nanortalik,GL,2021-05-25 21:22:30,60.1432,-45.2371,34.84,70,42,8.72
117,Sabang,ID,2021-05-25 21:24:01,5.8933,95.3214,83.59,75,99,12.44
118,Beringovskiy,RU,2021-05-25 21:21:52,63.05,179.3167,32.67,98,100,5.01
119,Seoul,KR,2021-05-25 21:21:42,37.5683,126.9778,56.64,94,100,3.67
120,Port Hedland,AU,2021-05-25 21:23:22,-20.3167,118.5667,64.45,59,40,10.36
121,Fortuna,US,2021-05-25 21:21:32,40.5982,-124.1573,71.47,69,90,7.0
122,Anito,PH,2021-05-25 21:23:15,12.4497,125.2886,78.35,89,96,3.78
123,Kulhudhuffushi,MV,2021-05-25 21:21:14,6.6221,73.07,80.19,84,100,25.43
124,Campbell River,CA,2021-05-25 21:27:24,50.0163,-125.2446,65.12,68,75,1.01
125,Jiaocheng,CN,2021-05-25 21:27:24,24.6774,116.1389,73.87,99,91,2.17
126,Cidreira,BR,2021-05-25 21:21:44,-30.1811,-50.2056,60.21,61,0,9.78
127,Angoram,PG,2021-05-25 21:23:10,-4.0625,144.0661,74.53,98,98,0.78
128,Hasaki,JP,2021-05-25 21:24:25,35.7333,140.8333,63.0,72,100,8.86
129,Turukhansk,RU,2021-05-25 21:22:43,65.8167,87.9833,26.28,83,88,16.24
130,Mahibadhoo,MV,2021-05-25 21:25:57,3.7833,72.9667,83.95,73,99,23.33
131,Talnakh,RU,2021-05-25 21:19:29,69.4865,88.3972,20.3,96,50,11.34
132,Jawa,JO,2021-05-25 21:27:25,31.8525,35.9393,71.91,33,0,4.32
133,Klaksvik,FO,2021-05-25 21:21:50,62.2266,-6.589,49.12,92,95,16.82
134,Guider,CM,2021-05-25 21:27:26,9.9342,13.9486,91.58,24,42,3.15
135,Lagoa,PT,2021-05-25 21:23:16,39.05,-27.9833,62.87,90,100,21.14
136,Hobart,AU,2021-05-25 21:20:12,-42.8794,147.3294,50.11,82,49,3.0
137,Saint George,US,2021-05-25 21:18:06,37.1041,-113.5841,93.67,11,1,1.01
138,Mahbubabad,IN,2021-05-25 21:27:27,17.6167,80.0167,86.77,19,99,4.81
139,Santa Cruz,BO,2021-05-25 21:27:20,-17.8,-63.1667,77.05,50,40,9.22
140,Coihaique,CL,2021-05-25 21:22:03,-45.5752,-72.0662,41.61,87,90,6.91
141,Lusambo,CD,2021-05-25 21:27:27,-4.9667,23.45,69.96,59,68,1.16
142,Mogadishu,SO,2021-05-25 21:19:46,2.0371,45.3438,79.12,75,0,17.22
143,Fort Nelson,CA,2021-05-25 21:24:09,58.8053,-122.7002,45.99,31,90,9.22
144,Mounana,GA,2021-05-25 21:27:28,-1.4085,13.1586,72.95,94,100,1.88
145,Sayyan,YE,2021-05-25 21:27:29,15.1718,44.3244,66.4,31,2,1.3
146,Harper,LR,2021-05-25 21:24:33,4.375,-7.7169,80.31,84,43,6.46
147,Sainte-Marie,RE,2021-05-25 21:27:29,-20.8968,55.5496,71.73,78,40,17.27
148,Faya,SA,2021-05-25 21:25:13,18.3851,42.4509,68.11,42,56,1.19
149,Qaanaaq,GL,2021-05-25 21:21:45,77.484,-69.3632,32.95,77,0,5.01
150,Manga,BF,2021-05-25 21:27:30,11.6636,-1.0731,96.06,30,74,0.49
151,Lebu,CL,2021-05-25 21:21:34,-37.6167,-73.65,56.97,83,89,3.09
152,Ulaanbaatar,MN,2021-05-25 21:24:17,47.9077,106.8832,32.13,93,20,4.68
153,Kanniyakumari,IN,2021-05-25 21:27:30,8.0833,77.5667,76.41,94,100,28.59
154,Cairns,AU,2021-05-25 21:25:15,-16.9167,145.7667,69.06,93,90,12.66
155,Kasempa,ZM,2021-05-25 21:27:31,-13.4584,25.8338,54.72,59,1,5.41
156,Chase,CA,2021-05-25 21:25:35,50.8165,-119.6857,67.75,81,100,3.89
157,Hongjiang,CN,2021-05-25 21:27:31,27.11,109.9956,71.15,94,97,3.36
158,Mahebourg,MU,2021-05-25 21:21:51,-20.4081,57.7,71.89,88,75,2.3
159,Tiksi,RU,2021-05-25 21:18:37,71.6872,128.8694,31.86,84,35,1.48
160,Kieta,PG,2021-05-25 21:24:37,-6.2167,155.6333,79.81,88,86,8.95
161,Ribeira Grande,PT,2021-05-25 21:18:35,38.5167,-28.7,64.29,90,100,18.52
162,San Andres,CO,2021-05-25 21:27:32,12.5847,-81.7006,87.82,70,75,14.97
163,Khasan,RU,2021-05-25 21:27:32,42.4308,130.6434,49.46,66,68,2.89
164,Port Alfred,ZA,2021-05-25 21:17:17,-33.5906,26.891,63.82,92,82,12.01
165,Santa Maria,BR,2021-05-25 21:23:23,-29.6842,-53.8069,56.5,72,0,3.02
166,Saint Anthony,US,2021-05-25 21:27:33,45.0205,-93.218,86.94,35,20,3.0
167,Krasnoarmeysk,RU,2021-05-25 21:27:33,51.0239,45.6969,60.3,85,54,11.97
168,Agua Verde,MX,2021-05-25 21:27:34,22.9,-106.05,87.89,50,74,11.86
169,Sayan,PE,2021-05-25 21:23:08,-11.1361,-77.1933,76.12,52,64,6.98
170,Dakar,SN,2021-05-25 21:25:22,14.6937,-17.4441,72.48,88,7,11.5
171,Quatre Cocos,MU,2021-05-25 21:26:30,-20.2078,57.7625,71.71,76,22,10.0
172,Acajutla,SV,2021-05-25 21:20:39,13.5928,-89.8275,100.74,64,84,7.65
173,Faanui,PF,2021-05-25 21:22:00,-16.4833,-151.75,80.96,71,99,10.47
174,Porto Santo,PT,2021-05-25 21:27:35,33.072,-16.3415,64.78,59,75,17.27
175,Marsa Matruh,EG,2021-05-25 21:26:10,31.3525,27.2453,71.01,66,0,1.74
176,Chara,RU,2021-05-25 21:24:55,56.9064,118.2631,38.01,75,32,0.31
177,Morehead,US,2021-05-25 21:27:36,37.2711,-87.1764,89.31,40,1,6.91
178,Lensk,RU,2021-05-25 21:27:36,60.7253,114.9278,43.52,79,15,3.11
179,Bambous Virieux,MU,2021-05-25 21:22:08,-20.3428,57.7575,71.85,88,75,10.58
180,Narsaq,GL,2021-05-25 21:21:55,60.9167,-46.05,41.22,63,64,3.71
181,Petropavlovsk-Kamchatskiy,RU,2021-05-25 21:22:35,53.0452,158.6483,39.79,65,95,7.56
182,Tonaya,MX,2021-05-25 21:27:37,19.7833,-103.9667,86.43,15,5,6.49
183,Mount Isa,AU,2021-05-25 21:25:36,-20.7333,139.5,67.77,52,99,9.22
184,Carutapera,BR,2021-05-25 21:27:38,-1.195,-46.02,79.95,80,12,8.14
185,Bubaque,GW,2021-05-25 21:23:51,11.2833,-15.8333,80.11,75,47,16.96
186,Bathsheba,BB,2021-05-25 21:22:02,13.2167,-59.5167,83.01,61,20,12.88
187,Oistins,BB,2021-05-25 21:22:10,13.0667,-59.5333,82.49,61,20,18.41
188,Kabalo,CD,2021-05-25 21:24:09,-6.05,26.9167,68.56,56,78,4.79
189,Half Moon Bay,US,2021-05-25 21:25:35,37.4636,-122.4286,79.57,63,20,13.04
190,Olavarria,AR,2021-05-25 21:27:39,-36.8927,-60.3225,46.27,62,31,3.71
191,Katsuura,JP,2021-05-25 21:17:23,35.1333,140.3,69.12,76,96,7.92
192,Mareeba,AU,2021-05-25 21:27:40,-17.0,145.4333,64.44,95,78,2.39
193,Sitka,US,2021-05-25 21:25:31,57.0531,-135.33,49.89,76,75,6.91
194,Wanning,CN,2021-05-25 21:23:34,18.8003,110.3967,81.14,87,21,8.48
195,Yangjiang,CN,2021-05-25 21:23:04,21.85,111.9667,78.01,91,48,2.62
196,Pittsburg,US,2021-05-25 21:27:41,38.028,-121.8847,84.06,38,1,3.0
197,Ambilobe,MG,2021-05-25 21:22:27,-13.2,49.05,68.54,90,20,2.62
198,Acarau,BR,2021-05-25 21:23:00,-2.8856,-40.12,79.41,76,43,13.76
199,Katherine,AU,2021-05-25 21:27:41,-14.4667,132.2667,64.72,88,6,6.33
200,Bredasdorp,ZA,2021-05-25 21:18:29,-34.5322,20.0403,51.12,82,81,6.26
201,Mayumba,GA,2021-05-25 21:24:13,-3.432,10.6554,78.53,91,76,6.11
202,Malabo,GQ,2021-05-25 21:27:42,3.75,8.7833,80.46,83,20,6.91
203,Manoel Urbano,BR,2021-05-25 21:27:42,-8.8389,-69.2597,86.31,58,42,1.66
204,Miri,MY,2021-05-25 21:23:23,4.4148,114.0089,77.14,94,20,4.05
205,Pangnirtung,CA,2021-05-25 21:24:59,66.1451,-65.7125,30.2,69,90,16.11
206,Padang,ID,2021-05-25 21:23:51,-0.9492,100.3543,78.19,87,94,4.32
207,Saskylakh,RU,2021-05-25 21:21:59,71.9167,114.0833,45.12,61,100,4.23
208,Milkovo,RU,2021-05-25 21:27:43,54.7167,158.6167,45.64,69,94,2.64
209,Darhan,MN,2021-05-25 21:24:44,49.4867,105.9228,46.02,82,100,6.02
210,Ozernovskiy,RU,2021-05-25 21:27:43,51.5,156.5167,41.04,75,100,0.54
211,Otradnoye,RU,2021-05-25 21:23:13,59.7775,30.8181,48.25,76,100,5.84
212,Nagato,JP,2021-05-25 21:27:44,34.3833,131.2,66.11,76,100,4.23
213,Airai,TL,2021-05-25 21:22:07,-8.9266,125.4092,57.54,91,31,3.6
214,Hithadhoo,MV,2021-05-25 21:21:59,-0.6,73.0833,84.34,67,100,20.0
215,San Jose,US,2021-05-25 21:23:04,37.3394,-121.895,79.52,47,20,1.01
216,Bontang,ID,2021-05-25 21:27:45,0.1333,117.5,78.13,87,100,3.13
217,Tatawin,TN,2021-05-25 21:22:01,32.9297,10.4518,67.08,78,6,10.22
218,Rio Grande,BR,2021-05-25 21:21:00,-32.035,-52.0986,59.95,65,0,10.98
219,Nhulunbuy,AU,2021-05-25 21:27:46,-12.2333,136.7667,77.61,78,40,9.22
220,Kahului,US,2021-05-25 21:21:37,20.8947,-156.47,83.14,66,40,17.27
221,Poum,NC,2021-05-25 21:21:51,-20.2333,164.0167,73.87,60,95,18.28
222,Beira,MZ,2021-05-25 21:27:46,-19.8436,34.8389,66.29,88,20,4.45
223,Gustavo Diaz Ordaz,MX,2021-05-25 21:27:46,26.2333,-98.5833,91.26,63,57,19.37
224,Crotone,IT,2021-05-25 21:24:12,39.0851,17.1178,60.93,71,37,3.2
225,Silver City,US,2021-05-25 21:27:47,32.7701,-108.2803,83.91,4,1,7.0
226,Kruisfontein,ZA,2021-05-25 21:22:45,-34.0033,24.7314,58.89,91,78,8.55
227,Isangel,VU,2021-05-25 21:22:43,-19.55,169.2667,75.31,53,20,11.27
228,Marsh Harbour,BS,2021-05-25 21:23:15,26.5412,-77.0636,76.42,68,0,11.92
229,Mandalgovi,MN,2021-05-25 21:20:49,45.7625,106.2708,39.99,70,31,13.71
230,Palora,EC,2021-05-25 21:27:48,-1.7,-77.9333,75.31,99,100,2.17
231,Kotovo,RU,2021-05-25 21:27:48,50.3211,44.8012,56.37,84,67,9.73
232,Korla,CN,2021-05-25 21:20:20,41.7597,86.1469,73.26,21,43,3.53
233,Bastia,FR,2021-05-25 21:27:49,42.6667,9.3333,61.3,41,0,1.99
234,Zyryanka,RU,2021-05-25 21:27:49,65.75,150.85,49.96,57,100,8.01
235,Bengkulu,ID,2021-05-25 21:24:01,-3.8004,102.2655,77.07,86,62,3.42
236,Ternova,UA,2021-05-25 21:27:49,50.1849,36.6757,63.16,79,100,4.03
237,Shimoda,JP,2021-05-25 21:23:20,34.6667,138.95,60.1,57,70,16.08
238,Aksu,CN,2021-05-25 21:27:50,41.1231,80.2644,70.34,15,100,3.91
239,Prince Rupert,CA,2021-05-25 21:24:35,54.3161,-130.3201,49.69,81,90,4.61
240,Touros,BR,2021-05-25 21:24:19,-5.1989,-35.4608,79.7,76,98,12.88
241,Hay River,CA,2021-05-25 21:24:59,60.8156,-115.7999,33.78,60,20,9.22
242,Nyurba,RU,2021-05-25 21:23:41,63.2842,118.3319,46.51,71,100,3.74
243,Tortoli,IT,2021-05-25 21:27:51,39.9256,9.6572,66.02,45,0,2.3
244,Amga,RU,2021-05-25 21:27:51,60.8953,131.9608,48.02,66,30,1.68
245,Itupiranga,BR,2021-05-25 21:27:52,-5.1347,-49.3267,89.92,72,37,3.24
246,Bachaquero,VE,2021-05-25 21:27:52,9.9694,-71.1494,88.05,64,97,5.88
247,Wagar,SD,2021-05-25 21:27:52,16.1525,36.2032,93.11,19,37,2.33
248,Baykit,RU,2021-05-25 21:23:23,61.67,96.37,29.52,83,99,8.34
249,Biak,ID,2021-05-25 21:22:37,-0.9131,122.8766,76.39,82,83,5.26
250,Mattru,SL,2021-05-25 21:27:53,7.6244,-11.8332,77.36,92,99,2.33
251,Lasa,IT,2021-05-25 21:20:48,46.6166,10.7002,49.08,65,15,1.74
252,Diebougou,BF,2021-05-25 21:27:53,10.9667,-3.25,89.49,42,43,2.86
253,Vanavara,RU,2021-05-25 21:27:54,60.34,102.2797,27.84,80,31,4.43
254,Kismayo,SO,2021-05-25 21:22:15,-0.3582,42.5454,78.12,76,1,15.68
255,Berlevag,NO,2021-05-25 21:25:10,70.8578,29.0864,37.35,75,75,8.05
256,San Jose Iturbide,MX,2021-05-25 21:27:55,21.0,-100.3833,83.59,27,40,14.94
257,Luderitz,NA,2021-05-25 21:20:02,-26.6481,15.1594,61.0,77,0,10.47
258,Castro Daire,PT,2021-05-25 21:27:55,40.8984,-7.9338,60.6,55,100,3.13
259,Goroka,PG,2021-05-25 21:27:55,-6.0834,145.3873,61.84,97,100,2.08
260,Omboue,GA,2021-05-25 21:27:56,-1.5746,9.2618,77.79,94,94,6.42
261,Giyani,ZA,2021-05-25 21:27:56,-23.3025,30.7187,59.86,55,36,3.78
262,Shingu,JP,2021-05-25 21:26:10,33.7333,135.9833,64.9,71,48,4.07
263,Augusto Correa,BR,2021-05-25 21:27:56,-1.0217,-46.635,79.21,81,23,5.21
264,Malim,PH,2021-05-25 21:27:57,7.452,123.4312,80.26,82,94,2.71
265,Semirom,IR,2021-05-25 21:27:57,31.4167,51.5667,57.47,41,5,6.31
266,Kavaratti,IN,2021-05-25 21:22:57,10.5669,72.642,83.3,77,100,16.75
267,Vardo,NO,2021-05-25 21:24:16,70.3705,31.1107,37.15,66,53,5.86
268,Ostrovnoy,RU,2021-05-25 21:23:56,68.0531,39.5131,34.02,79,9,6.08
269,Gushi,CN,2021-05-25 21:27:58,34.6425,109.5843,65.43,61,91,8.25
270,Nokaneng,BW,2021-05-25 21:27:58,-19.6667,22.2667,57.54,45,0,4.65
271,Paamiut,GL,2021-05-25 21:23:55,61.994,-49.6678,33.51,75,75,5.93
272,Tilichiki,RU,2021-05-25 21:27:59,60.4667,166.1,34.97,95,100,7.9
273,Ikongo,MG,2021-05-25 21:27:59,-21.8833,47.4333,62.02,98,55,1.92
274,Taltal,CL,2021-05-25 21:22:10,-25.4,-70.4833,70.36,58,77,4.5
275,Villa Guerrero,MX,2021-05-25 21:27:59,18.8667,-99.65,89.98,35,100,5.64
276,Makakilo City,US,2021-05-25 21:28:00,21.3469,-158.0858,84.61,65,20,12.66
277,Lamont,US,2021-05-25 21:28:00,35.2597,-118.9143,91.83,19,100,6.96
278,Bonavista,CA,2021-05-25 21:22:20,48.6499,-53.1147,51.12,69,75,24.25
279,Mtsensk,RU,2021-05-25 21:28:00,53.2766,36.5733,55.0,72,100,6.78
280,Muros,ES,2021-05-25 21:25:07,42.7762,-9.0603,57.09,68,100,10.42
281,Oxford,GB,2021-05-25 21:28:00,51.7522,-1.256,50.18,84,75,6.53
282,Harrisonburg,US,2021-05-25 21:26:42,38.4496,-78.8689,83.23,54,90,8.75
283,Westport,US,2021-05-25 21:25:58,41.1415,-73.3579,79.11,56,1,1.01
284,Carnarvon,AU,2021-05-25 21:21:41,-24.8667,113.6333,50.07,76,87,9.22
285,Haapiti,PF,2021-05-25 21:28:01,-17.5667,-149.8667,85.73,73,59,7.52
286,Marsaxlokk,MT,2021-05-25 21:28:02,35.8419,14.5431,68.61,77,0,4.61
287,Belgrade,RS,2021-05-25 21:28:02,44.804,20.4651,58.66,59,75,11.97
288,Omsukchan,RU,2021-05-25 21:28:02,62.5333,155.8,33.73,94,100,8.23
289,Ottawa,CA,2021-05-25 21:25:04,45.4112,-75.6981,80.8,67,75,3.0
290,Kaitangata,NZ,2021-05-25 21:22:24,-46.2817,169.8464,32.94,81,100,2.51
291,Port Blair,IN,2021-05-25 21:22:02,11.6667,92.75,82.76,83,78,21.39
292,Vila Velha,BR,2021-05-25 21:18:44,-20.3297,-40.2925,73.35,78,75,11.01
293,Olafsvik,IS,2021-05-25 21:21:39,64.8945,-23.7142,46.44,78,96,14.61
294,Rolla,US,2021-05-25 21:28:03,37.9514,-91.7713,81.52,53,90,11.92
295,Andenes,NO,2021-05-25 21:28:04,69.3143,16.1194,41.07,70,8,27.63
296,Ponta Delgada,PT,2021-05-25 21:23:49,37.7333,-25.6667,65.12,82,20,11.5
297,Saldanha,ZA,2021-05-25 21:18:16,-33.0117,17.9442,50.05,82,14,3.53
298,Plettenberg Bay,ZA,2021-05-25 21:28:04,-34.0527,23.3716,60.12,88,98,5.48
299,Kununurra,AU,2021-05-25 21:26:30,-15.7667,128.7333,66.18,88,3,1.14
300,Grindavik,IS,2021-05-25 21:23:36,63.8424,-22.4338,49.55,76,40,26.69
301,Dolzhanskaya,RU,2021-05-25 21:28:05,46.6311,37.8039,62.91,76,0,7.16
302,Nagorsk,RU,2021-05-25 21:28:06,59.3172,50.8078,48.67,80,85,5.61
303,Namibe,AO,2021-05-25 21:21:55,-15.1961,12.1522,73.54,74,0,3.76
304,Lorengau,PG,2021-05-25 21:22:31,-2.0226,147.2712,77.4,93,100,6.49
305,Ust-Kuyga,RU,2021-05-25 21:25:52,70.0167,135.6,49.66,52,10,5.66
306,Abeche,TD,2021-05-25 21:25:50,13.8292,20.8324,85.15,7,3,6.22
307,Nome,US,2021-05-25 21:22:38,64.5011,-165.4064,68.07,25,1,8.05
308,Kailua,US,2021-05-25 21:26:03,21.4022,-157.7394,86.07,73,20,8.05
309,Sinegorskiy,RU,2021-05-25 21:28:07,48.0139,40.8447,65.01,76,41,6.13
310,Saint-Louis,SN,2021-05-25 21:28:07,16.3333,-15.0,98.24,20,97,21.5
311,Tessalit,ML,2021-05-25 21:22:52,20.1986,1.0114,98.02,6,12,14.45
312,Yulara,AU,2021-05-25 21:19:22,-25.2406,130.9889,44.44,57,37,6.91
313,Mandera,KE,2021-05-25 21:28:08,3.9366,41.867,79.95,48,11,17.52
314,Matara,LK,2021-05-25 21:24:43,5.9485,80.5353,79.97,78,97,16.62
315,Komsomolskiy,UZ,2021-05-25 21:25:29,40.4272,71.7189,70.52,40,53,9.22
316,Jalu,LY,2021-05-25 21:26:31,29.0331,21.5482,84.87,10,0,7.02
317,Camana,PE,2021-05-25 21:24:34,-16.6228,-72.7111,70.65,70,58,7.2
318,Kapoeta,SS,2021-05-25 21:28:09,4.7717,33.5903,79.52,56,83,5.55
319,Eureka,US,2021-05-25 21:20:52,40.8021,-124.1637,63.68,77,39,11.01
320,Saint-Pierre,RE,2021-05-25 21:21:44,-21.3393,55.4781,71.24,75,0,6.91
321,Portland,US,2021-05-25 21:27:37,45.5234,-122.6762,65.57,85,90,1.01
322,Idah,NG,2021-05-25 21:28:10,7.1065,6.7342,78.19,84,93,4.32
323,Kushima,JP,2021-05-25 21:28:10,31.4583,131.2333,68.04,74,100,6.4
324,Lavrentiya,RU,2021-05-25 21:22:41,65.5833,-171.0,38.12,82,71,10.67
325,Inhambane,MZ,2021-05-25 21:21:25,-23.865,35.3833,65.44,72,1,2.21
326,Nioro,GM,2021-05-25 21:28:11,13.35,-15.75,80.26,55,94,13.18
327,Henderson,US,2021-05-25 21:26:57,36.0397,-114.9819,96.49,7,1,8.01
328,Vondrozo,MG,2021-05-25 21:28:11,-22.8167,47.2833,58.93,98,41,0.13
329,Tahoua,NE,2021-05-25 21:28:12,14.8888,5.2692,94.98,20,0,0.0
330,Grande Prairie,CA,2021-05-25 21:24:14,55.1667,-118.8027,55.58,50,75,8.05
331,San Cristobal,VE,2021-05-25 21:20:22,7.7669,-72.225,75.38,99,100,4.81
332,Lokosovo,RU,2021-05-25 21:23:37,61.1333,74.8167,43.95,78,99,4.72
333,Noumea,NC,2021-05-25 21:26:21,-22.2763,166.4572,71.01,99,68,12.82
334,Vila Franca Do Campo,PT,2021-05-25 21:25:00,37.7167,-25.4333,64.81,80,100,9.8
335,Mopti,ML,2021-05-25 21:28:12,14.6667,-4.0,87.84,51,0,12.39
336,Pompeu,BR,2021-05-25 21:28:13,-19.2244,-44.9353,72.52,43,64,4.43
337,Bariadi,TZ,2021-05-25 21:28:13,-2.8,33.9833,68.4,64,77,4.03
338,Kamariotissa,GR,2021-05-25 21:28:13,40.4833,25.4667,66.25,76,95,10.38
339,Tura,IN,2021-05-25 21:21:26,25.5198,90.2201,72.95,98,100,5.5
340,Gubkinskiy,RU,2021-05-25 21:28:14,64.434,76.5026,41.23,47,99,7.65
341,Grand Gaube,MU,2021-05-25 21:28:14,-20.0064,57.6608,72.0,82,9,1.99
342,Dubbo,AU,2021-05-25 21:28:15,-32.25,148.6167,53.73,87,90,2.3
343,Salalah,OM,2021-05-25 21:23:13,17.0151,54.0924,84.29,74,20,5.75
344,Anadyr,RU,2021-05-25 21:24:34,64.75,177.4833,43.3,70,40,28.99
345,Spornoye,RU,2021-05-25 21:28:15,50.8448,37.2913,62.62,71,100,4.88
346,Christchurch,NZ,2021-05-25 21:21:34,-43.5333,172.6333,47.82,90,0,1.01
347,Miranda,CO,2021-05-25 21:28:16,3.2499,-76.2281,82.53,79,83,3.47
348,Rassvet,RU,2021-05-25 21:28:16,46.8333,40.75,63.63,92,65,0.0
349,Corinto,GR,2021-05-25 21:20:15,37.9407,22.9573,80.76,50,1,1.25
350,Terra Nova,BR,2021-05-25 21:28:17,-12.3667,-40.6667,72.18,42,0,4.21
351,Fare,PF,2021-05-25 21:23:08,-16.7,-151.0167,80.91,71,90,10.16
352,Blythe,US,2021-05-25 21:28:17,33.6103,-114.5964,99.03,7,1,8.21
353,Sao Filipe,CV,2021-05-25 21:20:26,14.8961,-24.4956,73.92,74,0,8.86
354,Chimbote,PE,2021-05-25 21:24:00,-9.0853,-78.5783,69.91,77,7,9.04
355,Gavle,SE,2021-05-25 21:28:18,60.6745,17.1417,46.0,81,100,5.99
356,Nortelandia,BR,2021-05-25 21:28:18,-14.4547,-56.8028,83.55,55,12,3.42
357,Skelleftea,SE,2021-05-25 21:22:23,64.7507,20.9528,39.56,67,23,1.77
358,Terrak,NO,2021-05-25 21:28:18,65.087,12.3715,48.07,66,77,0.25
359,Avera,US,2021-05-25 21:28:19,33.194,-82.5271,94.69,28,59,6.98
360,Guangyuan,CN,2021-05-25 21:28:19,32.442,105.823,58.78,91,87,4.65
361,Normandin,CA,2021-05-25 21:28:19,48.8333,-72.5321,64.53,88,100,4.61
362,Karpathos,GR,2021-05-25 21:28:20,35.507,27.2132,70.29,76,0,11.97
363,Calabozo,VE,2021-05-25 21:27:08,8.9242,-67.4293,96.26,27,63,7.07
364,Ambon,ID,2021-05-25 21:25:09,-3.6954,128.1814,77.14,94,40,13.02
365,Alihe,CN,2021-05-25 21:25:08,50.5667,123.7167,39.54,90,96,3.06
366,Celestun,MX,2021-05-25 21:21:44,20.8667,-90.4,86.29,66,44,17.36
367,Kommunisticheskiy,RU,2021-05-25 21:28:20,61.6789,64.4819,53.78,72,100,1.28
368,Bowen,AU,2021-05-25 21:22:09,-20.0167,148.2333,65.37,86,54,10.36
369,Port Lincoln,AU,2021-05-25 21:26:25,-34.7333,135.8667,56.5,63,70,16.15
370,Kodiak,US,2021-05-25 21:18:36,57.79,-152.4072,49.51,71,1,9.22
371,Coahuayana,MX,2021-05-25 21:28:18,18.7333,-103.6833,96.28,39,5,8.25
372,Pizarro,CO,2021-05-25 21:28:21,4.9533,-77.366,82.36,77,34,7.99
373,Quesnel,CA,2021-05-25 21:23:58,52.9999,-122.5029,66.7,45,75,4.61
374,Aras,ES,2021-05-25 21:28:22,42.5617,-2.356,50.41,66,0,3.67
375,Escanaba,US,2021-05-25 21:28:22,45.7453,-87.0646,79.68,78,40,6.91
376,Palu,ID,2021-05-25 21:26:26,-0.8917,119.8707,76.06,94,88,3.33
377,Geraldton,AU,2021-05-25 21:21:37,-28.7667,114.6,50.13,81,58,15.73
378,Boke,GN,2021-05-25 21:28:23,10.9409,-14.2967,81.27,71,100,6.49
379,Castro,BR,2021-05-25 21:18:29,-24.7911,-50.0119,52.59,66,59,1.92
380,Nichinan,JP,2021-05-25 21:28:23,31.6,131.3667,67.68,71,99,5.39
381,Astrea,CO,2021-05-25 21:28:23,9.4983,-73.9759,91.56,54,97,6.46
382,Sarwar,IN,2021-05-25 21:28:24,26.0667,75.0,89.76,29,27,14.12
383,Rio Gallegos,AR,2021-05-25 21:22:35,-51.6226,-69.2181,39.25,60,40,16.11
384,Banjarmasin,ID,2021-05-25 21:28:24,-3.3244,114.591,77.14,89,96,2.3
385,Male,MV,2021-05-25 21:28:25,4.1748,73.5089,85.95,74,75,25.32
386,Kurilsk,RU,2021-05-25 21:28:25,45.2333,147.8833,39.61,97,97,10.33
387,Carlsbad,US,2021-05-25 21:27:18,33.1581,-117.3506,96.3,50,1,5.99
388,Mabaruma,GY,2021-05-25 21:28:26,8.2,-59.7833,79.36,82,60,5.41
389,Kiama,AU,2021-05-25 21:26:16,-34.6833,150.8667,58.48,70,51,5.01
390,Birjand,IR,2021-05-25 21:28:26,32.8663,59.2211,70.27,14,0,6.91
391,Fayaoue,NC,2021-05-25 21:28:26,-20.65,166.5333,72.84,60,7,9.15
392,Longonjo,AO,2021-05-25 21:28:27,-12.9067,15.2533,58.75,55,2,3.02
393,Benjamin Aceval,PY,2021-05-25 21:28:27,-24.9667,-57.5667,69.94,41,100,2.3
394,Iqaluit,CA,2021-05-25 21:20:47,63.7506,-68.5145,29.93,80,90,20.0
395,Jardim,BR,2021-05-25 21:27:55,-21.4803,-56.1381,75.47,50,48,4.5
396,Novyy Buyan,RU,2021-05-25 21:28:28,53.6861,50.0469,51.96,94,29,8.23
397,Farafangana,MG,2021-05-25 21:28:28,-22.8167,47.8333,66.6,88,9,4.45
398,Kharovsk,RU,2021-05-25 21:28:28,59.9642,40.1912,41.4,81,97,5.26
399,Port Hawkesbury,CA,2021-05-25 21:28:29,45.6169,-61.3485,66.9,55,40,16.11
400,Tyube,RU,2021-05-25 21:28:29,43.0493,47.3074,66.06,87,100,13.96
401,Grand-Santi,GF,2021-05-25 21:28:29,4.25,-54.3833,77.52,97,99,3.09
402,San Lawrenz,MT,2021-05-25 21:28:30,36.0553,14.204,67.41,86,7,8.12
403,Voznesenye,RU,2021-05-25 21:28:30,61.0106,35.4781,38.91,83,71,4.09
404,Copiapo,CL,2021-05-25 21:26:39,-27.3667,-70.3333,55.09,23,75,3.69
405,Hirara,JP,2021-05-25 21:28:30,24.8,125.2833,81.52,81,82,10.76
406,Arandis,NA,2021-05-25 21:28:31,-22.4167,14.9667,73.83,30,0,5.1
407,Kungurtug,RU,2021-05-25 21:28:31,50.5994,97.5228,42.4,90,100,3.65
408,Colwyn Bay,GB,2021-05-25 21:28:31,53.2948,-3.7267,51.76,89,9,8.99
409,Coruripe,BR,2021-05-25 21:27:21,-10.1256,-36.1756,76.62,81,9,8.19
410,Mantua,IT,2021-05-25 21:24:12,45.1667,10.7833,62.08,78,35,8.99
411,Bhubaneswar,IN,2021-05-25 21:28:32,20.2333,85.8333,78.1,94,90,14.97
412,Uberlandia,BR,2021-05-25 21:28:32,-18.9186,-48.2772,78.01,50,0,0.0
413,Haigerloch,DE,2021-05-25 21:28:33,48.3661,8.8036,51.35,64,57,10.18
414,Aranos,NA,2021-05-25 21:23:34,-24.1333,19.1167,60.84,34,41,11.39
415,Zhaoyang,CN,2021-05-25 21:28:33,42.682,126.0305,51.17,54,92,11.79
416,Smoky Lake,CA,2021-05-25 21:28:33,54.1169,-112.4686,52.52,35,100,6.33
417,Dunedin,NZ,2021-05-25 21:23:47,-45.8742,170.5036,43.11,44,100,2.84
418,Arlit,NE,2021-05-25 21:23:47,18.7369,7.3853,92.21,6,0,12.03
419,Lubango,AO,2021-05-25 21:27:25,-14.9172,13.4925,57.6,44,6,1.99
420,Tulun,RU,2021-05-25 21:27:21,54.5611,100.5792,42.93,88,100,7.78
421,Olinda,BR,2021-05-25 21:28:34,-8.0089,-34.8553,78.53,69,75,9.35
422,Panguna,PG,2021-05-25 21:28:35,-6.3164,155.4848,71.4,95,93,2.53
423,Esso,RU,2021-05-25 21:28:35,55.9333,158.7,38.93,92,99,3.56
424,Hsinchu,TW,2021-05-25 21:28:35,24.8036,120.9686,80.8,83,34,1.01
425,Davila,PH,2021-05-25 21:28:20,18.4726,120.5763,80.58,78,8,8.57
426,Kuusamo,FI,2021-05-25 21:28:36,65.9667,29.1833,39.24,75,0,3.44
427,Antofagasta,CL,2021-05-25 21:26:39,-23.65,-70.4,70.21,57,88,6.64
428,Caravelas,BR,2021-05-25 21:21:39,-17.7125,-39.2481,75.09,87,44,7.72
429,Bolshevik,BY,2021-05-25 21:28:36,54.0065,27.5692,58.62,91,100,11.68
430,Selikhino,RU,2021-05-25 21:28:37,50.3672,137.4996,35.46,99,100,6.96
431,Artyom,AZ,2021-05-25 21:28:37,40.4723,50.333,64.54,87,100,29.97
432,Los Llanos De Aridane,ES,2021-05-25 21:24:51,28.6585,-17.9182,64.15,80,40,18.01
433,Marfino,RU,2021-05-25 21:28:37,55.7028,37.3822,58.08,64,0,2.64
434,Chazuta,PE,2021-05-25 21:28:38,-6.5742,-76.1367,83.25,76,89,1.19
435,Haflong,IN,2021-05-25 21:28:38,25.1833,93.0333,72.52,98,100,2.13
436,Plouzane,FR,2021-05-25 21:28:38,48.3833,-4.6167,53.69,93,90,24.83
437,Hamilton,US,2021-05-25 21:21:27,39.1834,-84.5333,88.95,45,75,1.01
438,Pahrump,US,2021-05-25 21:28:39,36.2083,-115.9839,92.05,8,100,5.01
439,Zalantun,CN,2021-05-25 21:28:39,48.0,122.7167,42.69,70,8,6.11
440,Colares,PT,2021-05-25 21:28:40,38.7992,-9.4469,63.45,71,20,11.01
441,Goderich,CA,2021-05-25 21:25:08,43.7501,-81.7165,83.21,50,55,17.27
442,The Valley,AI,2021-05-25 21:22:14,18.217,-63.0578,84.06,73,14,16.42
443,Hilton Head Island,US,2021-05-25 21:26:47,32.2163,-80.7526,92.05,71,1,11.5
444,Vostok,RU,2021-05-25 21:25:37,46.4856,135.8833,41.02,91,25,4.72
445,Juneau,US,2021-05-25 21:25:53,58.3019,-134.4197,57.85,70,90,3.0
446,Urumqi,CN,2021-05-25 21:28:07,43.801,87.6005,68.95,23,0,4.21
447,Hovd,MN,2021-05-25 21:24:39,48.0056,91.6419,56.07,35,6,1.66
448,Koshurnikovo,RU,2021-05-25 21:28:41,54.1667,93.3,49.75,99,100,2.3
449,Kukmor,RU,2021-05-25 21:28:23,56.1855,50.8944,49.69,90,2,5.64
450,Ilo,PE,2021-05-25 21:28:41,-17.6394,-71.3375,68.52,71,11,2.75
451,Kichmengskiy Gorodok,RU,2021-05-25 21:28:42,59.9816,45.7854,44.56,84,63,7.47
452,Atasu,KZ,2021-05-25 21:26:28,48.6814,71.6433,70.56,36,0,9.51
453,Maxcanu,MX,2021-05-25 21:28:42,20.5833,-89.9833,94.98,33,86,10.02
454,Yerbogachen,RU,2021-05-25 21:25:17,61.2767,108.0108,35.62,91,100,8.16
455,Deputatskiy,RU,2021-05-25 21:26:21,69.3,139.9,43.14,53,2,8.72
456,Camacha,PT,2021-05-25 21:22:22,33.0833,-16.3333,62.02,59,75,17.27
457,Southampton,GB,2021-05-25 21:28:43,50.904,-1.4043,50.4,76,100,3.53
458,Manggar,ID,2021-05-25 21:26:24,-2.8833,108.2667,82.72,75,46,8.48
459,Kohima,IN,2021-05-25 21:28:43,25.6667,94.1167,64.76,91,100,4.65
460,Minab,IR,2021-05-25 21:28:43,27.1467,57.0801,87.3,26,1,4.83
461,Fairbanks,US,2021-05-25 21:23:53,64.8378,-147.7164,69.76,33,75,11.5
462,Beloha,MG,2021-05-25 21:22:26,-25.1667,45.05,62.74,72,10,5.88
463,Jhang,PK,2021-05-25 21:28:44,33.6748,72.6963,79.61,28,0,4.76
464,Boa Vista,BR,2021-05-25 21:25:08,2.8197,-60.6733,78.78,83,75,5.75
465,Sorland,NO,2021-05-25 21:19:18,67.667,12.6934,42.87,75,0,26.31
466,Tsiroanomandidy,MG,2021-05-25 21:28:45,-18.7667,46.0333,61.05,65,48,2.91
467,Temerloh,MY,2021-05-25 21:28:45,3.4483,102.4176,74.25,98,99,1.36
468,Arnoldstein,AT,2021-05-25 21:28:45,46.5461,13.71,47.53,99,95,1.95
469,Sur,OM,2021-05-25 21:23:52,22.5667,59.5289,93.06,37,0,14.56
470,Laguna,US,2021-05-25 21:28:46,38.421,-121.4238,85.44,29,1,1.99
471,Leningradskiy,RU,2021-05-25 21:21:33,69.3833,178.4167,34.18,88,85,9.15
472,Roald,NO,2021-05-25 21:28:46,62.5833,6.1333,57.9,81,0,16.11
473,Kargil,IN,2021-05-25 21:28:46,34.5667,76.1,37.0,48,28,4.61
474,Maniitsoq,GL,2021-05-25 21:25:20,65.4167,-52.9,31.17,70,17,7.43
475,Asau,RO,2021-05-25 21:21:34,46.4333,26.4,60.28,100,20,4.14
476,Butte,US,2021-05-25 21:28:47,39.6499,-121.5677,83.55,28,1,6.26
477,Urcos,PE,2021-05-25 21:28:47,-13.6861,-71.6228,57.09,90,100,5.61
478,Yarada,IN,2021-05-25 21:24:47,17.65,83.2667,84.52,58,90,8.41
479,Bolitoc,PH,2021-05-25 21:28:48,15.7395,119.8769,80.13,81,6,4.0
480,Puerto Escondido,MX,2021-05-25 21:21:54,15.85,-97.0667,90.43,70,75,6.91
481,Gawler,AU,2021-05-25 21:28:48,-34.6,138.7333,56.71,64,100,12.53
482,Maxixe,MZ,2021-05-25 21:28:49,-23.8597,35.3472,63.75,75,1,1.59
483,Mapiri,BO,2021-05-25 21:28:49,-15.25,-68.1667,79.39,61,54,3.4
484,Codrington,AU,2021-05-25 21:22:16,-38.2667,141.9667,52.16,73,94,22.48
485,Betioky,MG,2021-05-25 21:25:47,-23.7167,44.3833,60.78,81,1,1.7
486,Pitimbu,BR,2021-05-25 21:28:50,-7.4706,-34.8086,79.39,79,25,9.82
487,Panguipulli,CL,2021-05-25 21:28:50,-39.6333,-72.3333,53.31,99,100,1.92
488,Mingshui,CN,2021-05-25 21:28:50,36.7167,117.5,71.26,49,84,22.55
489,Brownfield,US,2021-05-25 21:28:51,33.1812,-102.2744,93.92,20,0,10.76
490,Auki,SB,2021-05-25 21:25:56,-8.7676,160.7034,77.94,85,100,8.37
491,The Pas,CA,2021-05-25 21:28:51,53.8251,-101.2541,35.62,75,90,17.87
492,Manyana,BW,2021-05-25 21:28:52,-23.4,21.7167,56.37,37,100,6.26
493,Okha,RU,2021-05-25 21:25:09,53.5739,142.9478,34.29,90,100,7.09
494,Margate,GB,2021-05-25 21:21:47,51.3813,1.3862,53.22,71,54,3.0
495,General Cepeda,MX,2021-05-25 21:28:52,25.3833,-101.45,87.21,29,41,15.39
496,Jatai,BR,2021-05-25 21:28:53,-17.8814,-51.7144,72.32,57,16,5.23
497,Birao,CF,2021-05-25 21:28:53,10.2849,22.7882,91.17,27,96,4.43
498,Maceio,BR,2021-05-25 21:22:59,-9.6658,-35.7353,76.44,88,0,9.33
499,Nantucket,US,2021-05-25 21:23:49,41.2835,-70.0995,66.07,77,1,18.41
500,Surt,LY,2021-05-25 21:23:40,31.2089,16.5887,71.56,76,2,7.96
501,Novaya Igirma,RU,2021-05-25 21:28:54,57.1334,103.9112,36.41,97,96,2.08
502,Tucuma,BR,2021-05-25 21:28:54,-0.1833,-50.05,78.71,88,97,8.97
503,Las Vegas,US,2021-05-25 21:28:49,36.175,-115.1372,95.94,8,1,3.44
504,Paraiso,CR,2021-05-25 21:28:55,9.8383,-83.8656,77.86,91,100,4.47
505,Sakrand,PK,2021-05-25 21:28:55,26.1384,68.2736,84.15,54,0,7.85
506,Teruel,ES,2021-05-25 21:28:56,40.6667,-0.6667,53.56,74,96,1.74
507,Vanimo,PG,2021-05-25 21:28:56,-2.6741,141.3028,77.34,90,96,3.4
508,Flinders,AU,2021-05-25 21:23:04,-34.5833,150.8552,57.2,74,53,1.01
509,Sao Borja,BR,2021-05-25 21:28:56,-28.6606,-56.0044,58.23,58,2,2.62
510,Alexandria,EG,2021-05-25 21:23:34,31.2156,29.9553,72.5,67,0,3.8
511,Dudinka,RU,2021-05-25 21:25:26,69.4058,86.1778,18.64,95,17,8.88
512,Sabha,LY,2021-05-25 21:28:57,27.0377,14.4283,91.87,9,0,8.97
513,Manaure,CO,2021-05-25 21:28:58,11.7751,-72.4445,89.94,53,96,21.5
514,Labuhan,ID,2021-05-25 21:28:30,-6.8844,112.2051,76.66,89,23,7.47
515,Along,IN,2021-05-25 21:28:19,28.1667,94.7667,71.35,96,96,2.08
516,Atambua,ID,2021-05-25 21:26:25,-9.1061,124.8925,70.63,89,19,4.76
517,Kaka,TM,2021-05-25 21:28:59,37.3482,59.6143,82.63,16,64,5.12
518,Oranjemund,NA,2021-05-25 21:23:58,-28.55,16.4333,58.73,96,18,7.36
519,Pimentel,PE,2021-05-25 21:28:59,-6.8367,-79.9342,75.49,83,0,5.01
520,Kupang,ID,2021-05-25 21:25:56,-10.1667,123.5833,74.77,87,75,8.48
521,Matinha,BR,2021-05-25 21:29:00,-3.1006,-45.0336,81.27,72,99,3.49
522,Bloemfontein,ZA,2021-05-25 21:29:00,-29.1211,26.214,38.68,81,100,1.14
523,Dossor,KZ,2021-05-25 21:29:00,47.5272,52.9811,81.34,19,55,9.55
524,Sakakah,SA,2021-05-25 21:25:12,29.9697,40.2064,78.37,21,0,2.55
525,Udachnyy,RU,2021-05-25 21:24:49,66.4167,112.4,43.27,83,98,8.63
526,Krasnogorsk,RU,2021-05-25 21:29:01,55.8225,37.3181,58.17,62,0,2.89
527,Bend,US,2021-05-25 21:24:10,44.0582,-121.3153,60.66,62,75,1.99
528,Soe,ID,2021-05-25 21:29:02,-9.8607,124.284,64.9,94,54,4.34
529,Esperance,AU,2021-05-25 21:23:30,-33.8667,121.9,48.04,81,38,9.28
530,Mitchell,US,2021-05-25 21:21:48,43.7094,-98.0298,82.38,27,20,3.0
531,Aguimes,ES,2021-05-25 21:29:02,27.9054,-15.4461,66.67,60,75,27.63
532,Mezen,RU,2021-05-25 21:21:53,65.8522,44.24,30.52,78,98,6.78
533,Isla Mujeres,MX,2021-05-25 21:22:52,21.2311,-86.731,86.16,77,85,13.47
534,Yamoussoukro,CI,2021-05-25 21:29:03,6.8206,-5.2767,82.29,78,20,4.36
535,Progreso,MX,2021-05-25 21:24:34,21.2833,-89.6667,95.11,77,95,13.89
536,Vao,NC,2021-05-25 21:23:32,-22.6667,167.4833,71.51,55,20,16.24
537,Nordborg,DK,2021-05-25 21:29:03,55.0573,9.7408,50.32,88,75,9.57
538,Maloy,NO,2021-05-25 21:29:04,61.9353,5.1136,55.99,79,100,15.3
539,Zemio,CF,2021-05-25 21:29:04,5.0314,25.1361,72.97,77,52,2.37
540,Mandapam,IN,2021-05-25 21:29:04,9.2833,79.1167,83.21,77,100,28.32
541,Merauke,ID,2021-05-25 21:25:53,-8.4667,140.3333,74.37,89,25,12.3
542,Mackay,AU,2021-05-25 21:29:05,-21.15,149.2,62.69,94,1,3.44
543,Yar-Sale,RU,2021-05-25 21:21:43,66.8333,70.8333,34.59,88,100,8.34
544,Wisconsin Rapids,US,2021-05-25 21:29:05,44.3836,-89.8174,81.63,65,40,12.66
545,Lazaro Cardenas,MX,2021-05-25 21:29:06,17.9583,-102.2,87.35,47,100,11.54
546,Soja,JP,2021-05-25 21:29:06,34.6667,133.75,61.39,89,98,2.62
547,Yopal,CO,2021-05-25 21:29:06,5.3378,-72.3959,75.09,93,98,3.96
548,Quelimane,MZ,2021-05-25 21:22:23,-17.8786,36.8883,66.15,94,0,3.44
549,Manhush,UA,2021-05-25 21:29:07,47.0558,37.3107,62.53,100,32,1.92
550,Roebourne,AU,2021-05-25 21:26:48,-20.7833,117.1333,66.49,63,0,15.32
551,Veraval,IN,2021-05-25 21:26:43,20.9,70.3667,82.29,81,70,14.5
552,Sept-Iles,CA,2021-05-25 21:27:02,50.2001,-66.3821,54.12,89,90,2.3
553,Batagay,RU,2021-05-25 21:29:08,67.6333,134.6333,53.87,33,9,4.5
554,Haines Junction,CA,2021-05-25 21:22:19,60.7522,-137.5108,51.75,58,94,6.91
555,Hernani,ES,2021-05-25 21:29:08,43.2662,-1.9762,54.86,80,0,1.01
556,Leh,IN,2021-05-25 21:19:39,34.1667,77.5833,41.94,51,93,3.4
557,Aktau,KZ,2021-05-25 21:29:09,43.65,51.2,66.78,84,46,17.81
558,Poronaysk,RU,2021-05-25 21:29:09,49.2167,143.1167,33.94,100,100,10.65
559,Halifax,CA,2021-05-25 21:29:10,44.6453,-63.5724,70.41,55,75,5.01
560,Aklavik,CA,2021-05-25 21:23:58,68.2191,-135.0107,39.92,70,75,10.36
561,Toamasina,MG,2021-05-25 21:29:10,-18.1667,49.3833,69.8,94,40,4.61
